throughput,congestion,packet_loss,latency,jitter,label
1.61,0.12,0.0,6.78,0.51,0
2.29,0.11,17.5,5.56,0.42,0
1.83,0.51,0.0,7.55,0.4,0
2.73,14.32,5.0,5.6,0.42,0
0.72,56.92,0.0,1012.55,6.41,1
1.14,44.26,7.5,4.58,0.91,0
1.37,20.96,0.0,9.66,1.13,0
1.71,13.82,0.0,9.82,0.49,0
2.21,0.05,0.0,5.57,0.39,0
1.85,0.07,0.0,7.15,0.48,0
0.36,59.67,0.0,5.57,0.49,0
0.43,81.04,0.0,7.3,0.44,0
2.41,0.08,0.0,7.47,0.39,0
2.1,0.05,0.0,5.76,0.34,0
1.18,112.89,30.0,5.73,0.5,1
4.63,38.93,20.0,10.25,0.92,1
1.66,19.89,5.0,9.98,0.68,0
0.88,54.4,40.0,10.61,1.29,0
0.62,53.1,12.5,6.82,0.89,0
2.16,0.05,0.0,10.13,0.79,0
2.79,0.6,0.0,9.97,0.36,0
0.58,111.75,20.0,7.58,0.56,1
1.73,19.66,10.0,10.3,0.48,0
1.44,0.06,0.0,5.65,0.96,0
0.65,57.33,22.5,10.6,1.95,1
1.86,0.06,0.0,7.49,0.67,0
3.22,111.69,17.5,7.81,1.14,1
2.71,0.06,0.0,7.63,1.0,0
1.29,0.06,10.0,10.8,0.53,0
1.23,42.66,10.0,6.2,0.43,0
1.27,22.06,17.5,8.33,1.53,1
1.51,15.45,12.5,5.17,0.64,0
2.61,0.09,17.5,9.97,0.96,0
0.18,52.57,2.5,5.06,0.46,0
1.88,0.05,0.0,5.93,0.36,0
3.19,0.07,0.0,10.4,0.88,0
3.28,6.59,17.5,10.6,0.54,0
2.37,0.57,0.0,7.56,0.57,0
1.59,0.09,25.0,10.5,0.0,0
2.72,0.11,0.0,5.67,0.51,0
1.13,8.02,0.0,10.29,0.9,0
0.99,20.82,0.0,6.99,0.43,0
2.45,11.56,0.0,5.12,0.39,0
2.11,0.09,0.0,6.43,0.61,0
2.73,0.07,0.0,7.47,0.54,0
2.07,11.31,17.5,6.85,0.44,0
3.17,40.0,0.0,9.68,1.03,0
2.49,10.28,7.5,5.52,0.37,0
2.31,0.08,0.0,6.96,0.64,0
0.21,50.87,7.5,7.39,1.58,0
2.03,0.13,0.0,5.46,0.21,0
2.12,0.13,0.0,10.76,0.73,0
1.83,2.84,0.0,10.49,0.81,0
2.29,11.31,0.0,7.65,0.88,0
2.58,5.02,0.0,11.12,1.33,0
2.75,0.05,0.0,5.89,0.37,0
1.89,0.06,0.0,8.71,0.36,0
0.63,22.86,42.5,1043.7,1.09,1
2.26,11.49,10.0,7.09,0.91,0
2.37,0.09,0.0,5.73,0.44,0
2.96,7.13,17.5,7.49,0.55,0
1.38,0.05,0.0,7.33,0.3,0
0.29,96.61,0.0,5.53,0.73,0
0.92,51.79,0.0,5.69,0.28,0
2.67,0.05,0.0,5.69,0.36,0
2.71,0.05,0.0,5.95,0.23,0
2.7,0.09,0.0,7.6,0.5,0
3.21,0.1,17.5,7.35,0.76,0
2.35,19.63,15.0,9.53,0.87,0
2.1,0.12,0.0,10.6,0.41,0
2.24,11.29,0.0,9.93,0.63,0
2.39,20.4,0.0,10.58,3.43,0
2.94,19.9,17.5,6.92,0.61,0
2.37,0.07,0.0,11.41,0.56,0
1.38,19.68,0.0,8.28,1.05,0
0.16,0.07,0.0,10.78,0.57,0
2.09,0.06,0.0,10.45,0.67,0
2.02,0.09,0.0,5.91,0.57,0
2.37,19.78,10.0,10.31,0.72,0
2.35,0.08,0.0,6.81,8.35,0
2.85,11.47,0.0,10.19,0.66,0
1.18,92.14,45.0,7.3,1.74,1
2.41,81.92,5.0,6.34,0.81,0
2.95,19.68,0.0,7.6,0.76,0
1.84,0.05,0.0,7.38,0.38,0
2.4,0.08,0.0,5.81,0.71,0
1.62,0.08,0.0,5.64,0.4,0
2.4,0.74,0.0,7.62,0.77,0
1.91,43.01,0.0,11.23,0.47,0
1.89,20.04,10.0,7.12,0.59,0
1.43,59.36,7.5,7.53,0.64,0
2.68,20.54,5.0,6.92,0.45,0
2.04,0.54,0.0,10.47,6.71,0
1.98,0.53,15.0,7.16,0.75,0
3.75,55.87,0.0,5.6,0.62,0
1.86,13.74,0.0,5.12,0.48,0
1.99,0.06,0.0,10.66,1.13,0
1.52,20.41,0.0,5.74,0.44,0
2.16,0.12,0.0,5.36,0.34,0
3.35,0.32,17.5,5.89,0.42,0
2.71,0.05,0.0,7.05,0.4,0
2.6,0.07,0.0,5.61,0.29,0
5.09,15.03,0.0,10.31,1.95,1
1.91,9.36,7.5,10.46,0.79,0
1.85,11.89,0.0,5.86,0.49,0
2.54,110.54,12.5,7.26,0.74,0
1.75,19.96,0.0,6.53,0.51,0
1.11,113.3,12.5,10.06,1.56,1
1.12,56.33,45.0,1024.04,1.05,1
2.71,0.07,0.0,5.79,0.35,0
1.6,9.75,0.0,10.73,0.8,0
2.64,0.1,0.0,5.65,0.29,0
2.41,0.07,0.0,10.7,0.94,0
1.83,21.23,0.0,9.28,1.26,0
1.95,0.05,17.5,5.69,0.38,0
1.58,0.09,0.0,7.53,0.5,0
0.64,38.56,7.5,8.7,1.32,0
2.48,20.18,0.0,4.48,0.56,0
0.57,58.79,0.0,11.26,1.5,0
1.83,14.38,0.0,10.45,1.1,0
2.59,0.03,27.500000000000004,5.96,0.29,0
2.66,0.11,0.0,7.48,1.68,0
0.42,76.48,2.5,7.17,0.61,0
1.99,0.08,17.5,6.2,0.28,0
2.59,0.18,0.0,15.68,0.61,0
1.65,107.71,7.5,10.71,2.78,1
2.49,100.18,5.0,8.54,0.67,0
2.45,0.09,0.0,10.25,1.36,0
0.35,87.77,15.0,10.55,1.42,0
2.27,0.31,0.0,9.94,0.53,0
1.27,56.45,40.0,5.7,0.89,0
0.19,86.75,2.5,5.84,0.59,0
2.55,0.06,0.0,5.91,0.57,0
2.14,0.05,0.0,5.74,0.48,0
3.36,50.82,25.0,10.81,1.34,0
0.35,84.25,0.0,7.05,1.58,0
2.38,27.07,15.0,10.61,0.71,0
2.45,9.85,15.0,7.16,0.8,0
2.27,0.1,0.0,10.77,0.79,0
2.35,19.92,2.5,7.28,0.56,0
1.4,19.69,2.5,1037.03,1.17,0
1.98,72.08,0.0,10.42,3.66,0
3.32,12.98,12.5,9.88,0.87,0
1.89,0.11,0.0,7.98,0.53,0
1.62,0.07,0.0,5.77,0.35,0
2.46,0.06,0.0,5.32,0.54,0
2.55,12.69,0.0,7.68,1.03,0
1.5,55.59,2.5,10.5,0.7,0
2.44,0.07,0.0,10.81,0.7,0
3.03,0.55,17.5,10.32,0.56,0
2.48,0.07,0.0,5.5,0.61,0
2.64,10.04,0.0,5.77,0.7,0
1.61,44.33,2.5,5.28,0.57,0
0.83,36.43,7.5,9.81,1.14,0
1.89,0.07,0.0,7.19,0.63,0
2.37,0.55,0.0,10.34,0.59,0
2.09,0.05,0.0,7.23,0.57,0
1.81,10.06,0.0,7.15,0.56,0
2.08,0.06,0.0,9.99,1.36,0
1.09,83.62,7.5,11.27,1.33,0
1.0,76.42,12.5,5.45,0.37,0
1.77,19.35,0.0,4.86,0.57,0
1.67,112.97,0.0,10.79,1.28,0
1.32,37.03,0.0,5.39,0.51,0
1.5,13.08,0.0,7.15,1.42,0
1.76,88.1,0.0,10.85,2.07,0
2.46,0.09,0.0,5.63,0.35,0
1.63,20.39,0.0,5.16,0.36,0
2.73,0.07,17.5,11.68,0.84,0
2.28,21.07,0.0,10.61,1.16,0
1.51,20.72,0.0,10.21,1.57,0
2.68,0.06,0.0,10.43,0.55,0
1.92,6.75,0.0,5.43,1.69,0
2.38,20.14,0.0,9.1,0.84,0
2.44,9.91,0.0,7.55,0.52,0
2.37,0.07,0.0,11.69,0.55,0
1.48,19.63,0.0,6.7,0.57,0
3.6,0.09,17.5,5.79,0.44,0
0.47,56.18,12.5,8.93,0.97,0
1.13,34.47,7.5,11.76,1.14,0
1.17,0.06,5.0,5.72,0.34,0
1.89,0.03,0.0,7.32,0.4,0
2.36,0.08,0.0,12.4,0.64,0
3.07,38.39,20.0,10.0,0.87,0
2.21,0.23,0.0,10.47,0.87,0
2.42,0.12,0.0,10.87,0.63,0
0.16,31.8,0.0,10.39,1.72,1
2.42,0.06,0.0,10.37,8.56,0
4.9,54.13,22.5,10.34,0.68,1
2.72,0.06,0.0,6.69,0.41,0
3.25,10.7,5.0,9.81,0.58,0
2.52,11.55,0.0,5.45,0.87,0
2.91,7.49,0.0,10.03,1.47,0
3.64,55.22,5.0,1039.46,0.87,0
2.7,58.41,32.5,7.6,1.51,1
2.73,0.07,0.0,7.01,0.57,0
2.55,10.04,7.5,9.2,0.92,0
2.72,53.98,7.5,6.35,0.89,0
3.25,89.45,17.5,6.88,1.9,1
0.79,50.71,0.0,10.64,0.9,0
2.7,0.55,0.0,5.6,0.27,0
